City,Average_Severity
Buckeye,2.1785714285714284
Chandler,2.1132075471698113
Avondale,2.0869565217391304
Phoenix,2.0762711864406778
Glendale,2.066666666666667
Peoria,2.0588235294117645
Tempe,2.043010752688172
Goodyear,2.0416666666666665
Scottsdale,2.037037037037037
Gilbert,2.0
Mesa,2.0
Surprise,2.0
