Start_Lat,Start_Lng,Accident_Count
33.46154,-112.099153,5
33.495521999999994,-112.112961,4
33.571454,-112.1173,3
33.596045000000004,-112.117019,3
33.483257,-112.113037,3
33.587134000000006,-112.117046,3
33.462093,-112.049942,3
33.462137,-112.042627,3
33.460894,-112.08548799999998,3
33.408096,-111.891281,3
